{"preloader":"0","preloader_animation":"circle","preloader_bg":"#f5f5f5","preloader_tx":"#333333","header_height":"60px","logo_type":"image","logo_position":"logo","logo_load_pos":"default","logo_image":"","logo_image_2x":"","mobile_logo":"","logo_text":"","logo_slogan":"","sticky_header":"1","favicon":"","boxed_layout":"0","body_bg_image":"","body_bg_repeat":"inherit","body_bg_size":"inherit","body_bg_attachment":"inherit","body_bg_position":"0 0","enabled_copyright":"1","copyright_position":"footer2","copyright_load_pos":"default","copyright":"\u00a9 2018 Your Company. Designed By JoomShaper","goto_top":"0","show_social_icons":"1","social_position":"footer2","social_load_pos":"default","facebook":"","twitter":"","googleplus":"","pinterest":"","linkedin":"","dribbble":"","behance":"","youtube":"","flickr":"","skype":"","whatsapp":"","vk":"","custom":"","enable_contactinfo":"1","contact_position":"top2","contact_phone":"","contact_mobile":"","contact_email":"","contact_time":"","comingsoon_mode":"0","comingsoon_bg":"","comingsoon_logo":"","comingsoon_title":"Coming Soon Title","comingsoon_date":"05-10-2018","comingsoon_content":"Coming soon content","error_bg":"","error_logo":"","preset":"preset1","text_color":"#252525","bg_color":"#ffffff","link_color":"#25a9e0","link_hover_color":"#2bbbf7","header_bg_color":"#ffffff","logo_text_color":"#25a9e0","menu_text_color":"#252525","menu_text_hover_color":"#25a9e0","menu_text_active_color":"#25a9e0","menu_dropdown_bg_color":"#ffffff","menu_dropdown_text_color":"#252525","menu_dropdown_text_hover_color":"#25a9e0","menu_dropdown_text_active_color":"#25a9e0","footer_bg_color":"#171717","footer_text_color":"#ffffff","footer_link_color":"#a2a2a2","footer_link_hover_color":"#ffffff","layout":"[{\"type\":\"row\",\"layout\":\"3+9\",\"settings\":{\"name\":\"Header\",\"background_color\":\"\",\"color\":\"\",\"background_image\":\"\",\"link_color\":\"\",\"link_hover_color\":\"\",\"hidden_xs\":0,\"hidden_sm\":0,\"hidden_md\":0,\"padding\":\"\",\"margin\":\"\",\"fluidrow\":0,\"custom_class\":\"\"},\"attr\":[{\"type\":\"sp_col\",\"settings\":{\"column_type\":0,\"name\":\"logo\",\"hidden_xs\":0,\"hidden_sm\":0,\"hidden_md\":0,\"sm_col\":\"\",\"xs_col\":\"col-xs-8\",\"custom_class\":\"\",\"xs_hidden\":0,\"ms_hidden\":0,\"md_hidden\":0,\"grid_size\":3}},{\"type\":\"sp_col\",\"settings\":{\"xs_col\":\"col-xs-4\",\"sm_col\":\"\",\"hidden_md\":0,\"hidden_sm\":0,\"hidden_xs\":0,\"column_type\":0,\"name\":\"menu\",\"xs_hidden\":0,\"ms_hidden\":0,\"md_hidden\":0,\"custom_class\":\"\",\"grid_size\":9}}]},{\"type\":\"row\",\"layout\":12,\"settings\":{\"custom_class\":\"\",\"fluidrow\":1,\"margin\":\"\",\"padding\":\"\",\"hidden_md\":0,\"hidden_sm\":0,\"hidden_xs\":0,\"link_hover_color\":\"\",\"link_color\":\"\",\"background_image\":\"\",\"color\":\"\",\"background_color\":\"\",\"name\":\"Page Title\"},\"attr\":[{\"type\":\"sp_col\",\"settings\":{\"custom_class\":\"\",\"xs_col\":\"\",\"sm_col\":\"\",\"hidden_md\":0,\"hidden_sm\":0,\"hidden_xs\":0,\"name\":\"title\",\"column_type\":0,\"grid_size\":12}}]},{\"type\":\"row\",\"layout\":\"4+4+4\",\"settings\":{\"name\":\"Main Body\",\"background_color\":\"\",\"color\":\"\",\"link_color\":\"\",\"link_hover_color\":\"\",\"hidden_xs\":0,\"hidden_sm\":0,\"hidden_md\":0,\"padding\":\"\",\"margin\":\"\",\"fluidrow\":0,\"custom_class\":\"\"},\"attr\":[{\"type\":\"sp_col\",\"settings\":{\"custom_class\":\"\",\"xs_col\":\"\",\"sm_col\":\"\",\"hidden_md\":0,\"hidden_sm\":0,\"hidden_xs\":0,\"name\":\"left\",\"column_type\":0,\"grid_size\":4}},{\"type\":\"sp_col\",\"settings\":{\"grid_size\":4,\"custom_class\":\"\",\"xs_col\":\"\",\"sm_col\":\"\",\"hidden_md\":0,\"hidden_sm\":0,\"hidden_xs\":0,\"column_type\":1,\"sortableitem\":\"[object Object]\"}},{\"type\":\"sp_col\",\"settings\":{\"custom_class\":\"\",\"xs_col\":\"\",\"sm_col\":\"\",\"hidden_md\":0,\"hidden_sm\":0,\"hidden_xs\":0,\"name\":\"right\",\"column_type\":0,\"grid_size\":4}}]},{\"type\":\"row\",\"layout\":\"3+3+3+3\",\"settings\":{\"background_image\":\"\",\"name\":\"Bottom\",\"background_color\":\"\",\"color\":\"\",\"link_color\":\"\",\"link_hover_color\":\"\",\"hidden_xs\":0,\"hidden_sm\":0,\"hidden_md\":0,\"padding\":\"\",\"margin\":\"\",\"fluidrow\":0,\"custom_class\":\"\"},\"attr\":[{\"type\":\"sp_col\",\"settings\":{\"column_type\":0,\"name\":\"bottom1\",\"hidden_xs\":0,\"hidden_sm\":0,\"hidden_md\":0,\"sm_col\":\"col-sm-6\",\"xs_col\":\"\",\"custom_class\":\"\",\"grid_size\":3}},{\"type\":\"sp_col\",\"settings\":{\"custom_class\":\"\",\"xs_col\":\"\",\"sm_col\":\"col-sm-6\",\"hidden_md\":0,\"hidden_sm\":0,\"hidden_xs\":0,\"name\":\"bottom2\",\"column_type\":0,\"grid_size\":3}},{\"type\":\"sp_col\",\"settings\":{\"custom_class\":\"\",\"xs_col\":\"\",\"sm_col\":\"col-sm-6\",\"hidden_md\":0,\"hidden_sm\":0,\"hidden_xs\":0,\"name\":\"bottom3\",\"column_type\":0,\"grid_size\":3}},{\"type\":\"sp_col\",\"settings\":{\"custom_class\":\"\",\"xs_col\":\"\",\"sm_col\":\"col-sm-6\",\"hidden_md\":0,\"hidden_sm\":0,\"hidden_xs\":0,\"name\":\"bottom4\",\"column_type\":0,\"grid_size\":3}}]},{\"type\":\"row\",\"layout\":\"6+6\",\"settings\":{\"custom_class\":\"\",\"fluidrow\":0,\"margin\":\"\",\"padding\":\"\",\"hidden_md\":0,\"hidden_sm\":0,\"hidden_xs\":0,\"link_hover_color\":\"\",\"link_color\":\"\",\"color\":\"\",\"background_color\":\"\",\"name\":\"Footer\"},\"attr\":[{\"type\":\"sp_col\",\"settings\":{\"custom_class\":\"\",\"xs_col\":\"\",\"sm_col\":\"\",\"hidden_md\":0,\"hidden_sm\":0,\"hidden_xs\":0,\"name\":\"footer1\",\"column_type\":0,\"grid_size\":6,\"sortableitem\":\"[object Object]\"}},{\"type\":\"sp_col\",\"settings\":{\"custom_class\":\"\",\"xs_col\":\"\",\"sm_col\":\"\",\"hidden_md\":0,\"hidden_sm\":0,\"hidden_xs\":0,\"name\":\"footer2\",\"column_type\":0,\"grid_size\":6}}]}]","menu":"mainmenu","menu_type":"mega_offcanvas","dropdown_width":"","menu_animation":"menu-fade-up","offcanvas_animation":"default","enable_body_font":"1","body_font":"{\"fontFamily\":\"Roboto\",\"fontWeight\":\"regular\",\"fontSubset\":\"latin\",\"fontSize\":\"\"}","enable_h1_font":"0","h1_font":"{\"fontFamily\":\"Emblema One\",\"fontWeight\":\"regular\",\"fontSubset\":\"latin\",\"fontSize\":\"\"}","enable_h2_font":"0","h2_font":"{\"fontFamily\":\"Roboto\",\"fontWeight\":\"regular\",\"fontSubset\":\"latin\",\"fontSize\":\"\"}","enable_h3_font":"1","h3_font":"{\"fontFamily\":\"ABeeZee\",\"fontWeight\":\"regular\",\"fontSubset\":\"latin\",\"fontSize\":\"\"}","enable_h4_font":"1","h4_font":"{\"fontFamily\":\"ABeeZee\",\"fontWeight\":\"regular\",\"fontSubset\":\"latin\",\"fontSize\":\"\"}","enable_h5_font":"1","h5_font":"{\"fontFamily\":\"ABeeZee\",\"fontWeight\":\"regular\",\"fontSubset\":\"latin\",\"fontSize\":\"\"}","enable_h6_font":"1","h6_font":"{\"fontFamily\":\"ABeeZee\",\"fontWeight\":\"regular\",\"fontSubset\":\"latin\",\"fontSize\":\"\"}","enable_navigation_font":"0","navigation_font":"{\"fontFamily\":\"ABeeZee\",\"fontWeight\":\"regular\",\"fontSubset\":\"latin\",\"fontSize\":\"\"}","enable_custom_font":"0","custom_font":"{\"fontFamily\":\"ABeeZee\",\"fontWeight\":\"regular\",\"fontSubset\":\"latin\",\"fontSize\":\"\"}","custom_font_selectors":"","before_head":"","before_body":"","custom_css":"","custom_js":"","compress_css":"0","compress_js":"0","exclude_js":"","lessoption":"0","import-data":"","image_small":"0","image_small_size":"100X100","image_thumbnail":"1","image_thumbnail_size":"200X200","image_medium":"0","image_medium_size":"300X300","image_large":"0","image_large_size":"600X600","blog_list_image":"default","commenting_engine":"disabled","disqus_subdomain":"","disqus_devmode":"0","intensedebate_acc":"","fb_appID":"","fb_width":"500","fb_cpp":"10","comments_count":"0","social_share":"1"}